Phase 1,Phase 2,Phase 3,Phase 4,Phase 5,Phase 6,Phase 7,Phase 8,Phase 9,Phase 10,Phase 11,Phase 12,Phase 13,Phase 14,Phase 15,Phase 16
180.0,20.0,20.0,20.0,20.0,20.0,20.0,20.0,20.0,20.0,20.0,20.0,20.0,20.0,5.0,5.0
180.0,20.0,20.0,20.0,20.0,20.0,20.0,20.0,20.0,20.0,20.0,20.0,20.0,20.0,5.0,5.0
"[{'well': 'A1', 'labware': 'Reagent Plate', 'slot': 5}, {'well': 'A2', 'labware': 'Reagent Plate', 'slot': 5}, {'well': 'A3', 'labware': 'Reagent Plate', 'slot': 5}, {'well': 'A4', 'labware': 'Reagent Plate', 'slot': 5}, {'well': 'A5', 'labware': 'Reagent Plate', 'slot': 5}, {'well': 'A6', 'labware': 'Reagent Plate', 'slot': 5}, {'well': 'A7', 'labware': 'Reagent Plate', 'slot': 5}, {'well': 'A8', 'labware': 'Reagent Plate', 'slot': 5}, {'well': 'A8', 'labware': 'Reagent Plate', 'slot': 5}]","[{'well': 'A1', 'labware': 'Prep Plate', 'slot': 3}, {'well': 'A1', 'labware': 'Prep Plate', 'slot': 3}, {'well': 'A1', 'labware': 'Prep Plate', 'slot': 3}, {'well': 'A1', 'labware': 'Prep Plate', 'slot': 3}, {'well': 'A1', 'labware': 'Prep Plate', 'slot': 3}, {'well': 'A1', 'labware': 'Prep Plate', 'slot': 3}, {'well': 'A1', 'labware': 'Prep Plate', 'slot': 3}, {'well': 'A1', 'labware': 'Prep Plate', 'slot': 3}, {'well': 'A1', 'labware': 'Prep Plate', 'slot': 3}, {'well': 'A1', 'labware': 'Prep Plate', 'slot': 3}, {'well': 'A1', 'labware': 'Prep Plate', 'slot': 3}, {'well': 'A1', 'labware': 'Prep Plate', 'slot': 3}, {'well': 'A1', 'labware': 'Prep Plate', 'slot': 3}, {'well': 'A1', 'labware': 'Prep Plate', 'slot': 3}, {'well': 'A1', 'labware': 'Prep Plate', 'slot': 3}, {'well': 'A1', 'labware': 'Prep Plate', 'slot': 3}, {'well': 'A1', 'labware': 'Prep Plate', 'slot': 3}, {'well': 'A1', 'labware': 'Prep Plate', 'slot': 3}, {'well': 'A1', 'labware': 'Prep Plate', 'slot': 3}, {'well': 'A1', 'labware': 'Prep Plate', 'slot': 3}]","[{'well': 'A1', 'labware': 'Prep Plate', 'slot': 3}]","[{'well': 'A2', 'labware': 'Prep Plate', 'slot': 3}, {'well': 'A2', 'labware': 'Prep Plate', 'slot': 3}, {'well': 'A2', 'labware': 'Prep Plate', 'slot': 3}, {'well': 'A2', 'labware': 'Prep Plate', 'slot': 3}, {'well': 'A2', 'labware': 'Prep Plate', 'slot': 3}, {'well': 'A2', 'labware': 'Prep Plate', 'slot': 3}, {'well': 'A2', 'labware': 'Prep Plate', 'slot': 3}, {'well': 'A2', 'labware': 'Prep Plate', 'slot': 3}, {'well': 'A2', 'labware': 'Prep Plate', 'slot': 3}, {'well': 'A2', 'labware': 'Prep Plate', 'slot': 3}, {'well': 'A2', 'labware': 'Prep Plate', 'slot': 3}, {'well': 'A2', 'labware': 'Prep Plate', 'slot': 3}, {'well': 'A2', 'labware': 'Prep Plate', 'slot': 3}, {'well': 'A2', 'labware': 'Prep Plate', 'slot': 3}, {'well': 'A2', 'labware': 'Prep Plate', 'slot': 3}, {'well': 'A2', 'labware': 'Prep Plate', 'slot': 3}, {'well': 'A2', 'labware': 'Prep Plate', 'slot': 3}, {'well': 'A2', 'labware': 'Prep Plate', 'slot': 3}, {'well': 'A2', 'labware': 'Prep Plate', 'slot': 3}, {'well': 'A2', 'labware': 'Prep Plate', 'slot': 3}]","[{'well': 'A2', 'labware': 'Prep Plate', 'slot': 3}]","[{'well': 'A3', 'labware': 'Prep Plate', 'slot': 3}, {'well': 'A3', 'labware': 'Prep Plate', 'slot': 3}, {'well': 'A3', 'labware': 'Prep Plate', 'slot': 3}, {'well': 'A3', 'labware': 'Prep Plate', 'slot': 3}, {'well': 'A3', 'labware': 'Prep Plate', 'slot': 3}, {'well': 'A3', 'labware': 'Prep Plate', 'slot': 3}, {'well': 'A3', 'labware': 'Prep Plate', 'slot': 3}, {'well': 'A3', 'labware': 'Prep Plate', 'slot': 3}, {'well': 'A3', 'labware': 'Prep Plate', 'slot': 3}, {'well': 'A3', 'labware': 'Prep Plate', 'slot': 3}, {'well': 'A3', 'labware': 'Prep Plate', 'slot': 3}, {'well': 'A3', 'labware': 'Prep Plate', 'slot': 3}, {'well': 'A3', 'labware': 'Prep Plate', 'slot': 3}, {'well': 'A3', 'labware': 'Prep Plate', 'slot': 3}, {'well': 'A3', 'labware': 'Prep Plate', 'slot': 3}, {'well': 'A3', 'labware': 'Prep Plate', 'slot': 3}, {'well': 'A3', 'labware': 'Prep Plate', 'slot': 3}, {'well': 'A3', 'labware': 'Prep Plate', 'slot': 3}, {'well': 'A3', 'labware': 'Prep Plate', 'slot': 3}, {'well': 'A3', 'labware': 'Prep Plate', 'slot': 3}]","[{'well': 'A3', 'labware': 'Prep Plate', 'slot': 3}]","[{'well': 'A4', 'labware': 'Prep Plate', 'slot': 3}, {'well': 'A4', 'labware': 'Prep Plate', 'slot': 3}, {'well': 'A4', 'labware': 'Prep Plate', 'slot': 3}, {'well': 'A4', 'labware': 'Prep Plate', 'slot': 3}, {'well': 'A4', 'labware': 'Prep Plate', 'slot': 3}, {'well': 'A4', 'labware': 'Prep Plate', 'slot': 3}, {'well': 'A4', 'labware': 'Prep Plate', 'slot': 3}, {'well': 'A4', 'labware': 'Prep Plate', 'slot': 3}, {'well': 'A4', 'labware': 'Prep Plate', 'slot': 3}, {'well': 'A4', 'labware': 'Prep Plate', 'slot': 3}, {'well': 'A4', 'labware': 'Prep Plate', 'slot': 3}, {'well': 'A4', 'labware': 'Prep Plate', 'slot': 3}, {'well': 'A4', 'labware': 'Prep Plate', 'slot': 3}, {'well': 'A4', 'labware': 'Prep Plate', 'slot': 3}, {'well': 'A4', 'labware': 'Prep Plate', 'slot': 3}, {'well': 'A4', 'labware': 'Prep Plate', 'slot': 3}, {'well': 'A4', 'labware': 'Prep Plate', 'slot': 3}, {'well': 'A4', 'labware': 'Prep Plate', 'slot': 3}, {'well': 'A4', 'labware': 'Prep Plate', 'slot': 3}, {'well': 'A4', 'labware': 'Prep Plate', 'slot': 3}]","[{'well': 'A4', 'labware': 'Prep Plate', 'slot': 3}]","[{'well': 'A5', 'labware': 'Prep Plate', 'slot': 3}, {'well': 'A5', 'labware': 'Prep Plate', 'slot': 3}, {'well': 'A5', 'labware': 'Prep Plate', 'slot': 3}, {'well': 'A5', 'labware': 'Prep Plate', 'slot': 3}, {'well': 'A5', 'labware': 'Prep Plate', 'slot': 3}, {'well': 'A5', 'labware': 'Prep Plate', 'slot': 3}, {'well': 'A5', 'labware': 'Prep Plate', 'slot': 3}, {'well': 'A5', 'labware': 'Prep Plate', 'slot': 3}, {'well': 'A5', 'labware': 'Prep Plate', 'slot': 3}, {'well': 'A5', 'labware': 'Prep Plate', 'slot': 3}, {'well': 'A5', 'labware': 'Prep Plate', 'slot': 3}, {'well': 'A5', 'labware': 'Prep Plate', 'slot': 3}, {'well': 'A5', 'labware': 'Prep Plate', 'slot': 3}, {'well': 'A5', 'labware': 'Prep Plate', 'slot': 3}, {'well': 'A5', 'labware': 'Prep Plate', 'slot': 3}, {'well': 'A5', 'labware': 'Prep Plate', 'slot': 3}, {'well': 'A5', 'labware': 'Prep Plate', 'slot': 3}, {'well': 'A5', 'labware': 'Prep Plate', 'slot': 3}, {'well': 'A5', 'labware': 'Prep Plate', 'slot': 3}, {'well': 'A5', 'labware': 'Prep Plate', 'slot': 3}]","[{'well': 'A5', 'labware': 'Prep Plate', 'slot': 3}]","[{'well': 'A6', 'labware': 'Prep Plate', 'slot': 3}, {'well': 'A6', 'labware': 'Prep Plate', 'slot': 3}, {'well': 'A6', 'labware': 'Prep Plate', 'slot': 3}, {'well': 'A6', 'labware': 'Prep Plate', 'slot': 3}, {'well': 'A6', 'labware': 'Prep Plate', 'slot': 3}, {'well': 'A6', 'labware': 'Prep Plate', 'slot': 3}, {'well': 'A6', 'labware': 'Prep Plate', 'slot': 3}, {'well': 'A6', 'labware': 'Prep Plate', 'slot': 3}, {'well': 'A6', 'labware': 'Prep Plate', 'slot': 3}, {'well': 'A6', 'labware': 'Prep Plate', 'slot': 3}, {'well': 'A6', 'labware': 'Prep Plate', 'slot': 3}, {'well': 'A6', 'labware': 'Prep Plate', 'slot': 3}, {'well': 'A6', 'labware': 'Prep Plate', 'slot': 3}, {'well': 'A6', 'labware': 'Prep Plate', 'slot': 3}, {'well': 'A6', 'labware': 'Prep Plate', 'slot': 3}, {'well': 'A6', 'labware': 'Prep Plate', 'slot': 3}, {'well': 'A6', 'labware': 'Prep Plate', 'slot': 3}, {'well': 'A6', 'labware': 'Prep Plate', 'slot': 3}, {'well': 'A6', 'labware': 'Prep Plate', 'slot': 3}, {'well': 'A6', 'labware': 'Prep Plate', 'slot': 3}]","[{'well': 'A6', 'labware': 'Prep Plate', 'slot': 3}]","[{'well': 'A7', 'labware': 'Prep Plate', 'slot': 3}, {'well': 'A7', 'labware': 'Prep Plate', 'slot': 3}, {'well': 'A7', 'labware': 'Prep Plate', 'slot': 3}, {'well': 'A7', 'labware': 'Prep Plate', 'slot': 3}, {'well': 'A7', 'labware': 'Prep Plate', 'slot': 3}, {'well': 'A7', 'labware': 'Prep Plate', 'slot': 3}, {'well': 'A7', 'labware': 'Prep Plate', 'slot': 3}, {'well': 'A7', 'labware': 'Prep Plate', 'slot': 3}, {'well': 'A7', 'labware': 'Prep Plate', 'slot': 3}, {'well': 'A7', 'labware': 'Prep Plate', 'slot': 3}, {'well': 'A7', 'labware': 'Prep Plate', 'slot': 3}, {'well': 'A7', 'labware': 'Prep Plate', 'slot': 3}, {'well': 'A7', 'labware': 'Prep Plate', 'slot': 3}, {'well': 'A7', 'labware': 'Prep Plate', 'slot': 3}, {'well': 'A7', 'labware': 'Prep Plate', 'slot': 3}, {'well': 'A7', 'labware': 'Prep Plate', 'slot': 3}, {'well': 'A7', 'labware': 'Prep Plate', 'slot': 3}, {'well': 'A7', 'labware': 'Prep Plate', 'slot': 3}, {'well': 'A7', 'labware': 'Prep Plate', 'slot': 3}, {'well': 'A7', 'labware': 'Prep Plate', 'slot': 3}, {'well': 'A8', 'labware': 'Prep Plate', 'slot': 3}, {'well': 'A8', 'labware': 'Prep Plate', 'slot': 3}, {'well': 'A8', 'labware': 'Prep Plate', 'slot': 3}, {'well': 'A8', 'labware': 'Prep Plate', 'slot': 3}, {'well': 'A8', 'labware': 'Prep Plate', 'slot': 3}, {'well': 'A8', 'labware': 'Prep Plate', 'slot': 3}, {'well': 'A8', 'labware': 'Prep Plate', 'slot': 3}, {'well': 'A8', 'labware': 'Prep Plate', 'slot': 3}, {'well': 'A8', 'labware': 'Prep Plate', 'slot': 3}, {'well': 'A8', 'labware': 'Prep Plate', 'slot': 3}, {'well': 'A8', 'labware': 'Prep Plate', 'slot': 3}, {'well': 'A8', 'labware': 'Prep Plate', 'slot': 3}, {'well': 'A8', 'labware': 'Prep Plate', 'slot': 3}, {'well': 'A8', 'labware': 'Prep Plate', 'slot': 3}, {'well': 'A8', 'labware': 'Prep Plate', 'slot': 3}, {'well': 'A8', 'labware': 'Prep Plate', 'slot': 3}, {'well': 'A8', 'labware': 'Prep Plate', 'slot': 3}, {'well': 'A8', 'labware': 'Prep Plate', 'slot': 3}, {'well': 'A8', 'labware': 'Prep Plate', 'slot': 3}, {'well': 'A8', 'labware': 'Prep Plate', 'slot': 3}]","[{'well': 'A6', 'labware': 'Prep Plate', 'slot': 3}, {'well': 'A7', 'labware': 'Prep Plate', 'slot': 3}, {'well': 'A8', 'labware': 'Prep Plate', 'slot': 3}]","[{'well': 'A12', 'labware': 'Reagent Plate', 'slot': 5}, {'well': 'A12', 'labware': 'Reagent Plate', 'slot': 5}]"
"[{'well': 'A1', 'labware': 'Prep Plate', 'slot': 3}, {'well': 'A2', 'labware': 'Prep Plate', 'slot': 3}, {'well': 'A3', 'labware': 'Prep Plate', 'slot': 3}, {'well': 'A4', 'labware': 'Prep Plate', 'slot': 3}, {'well': 'A5', 'labware': 'Prep Plate', 'slot': 3}, {'well': 'A6', 'labware': 'Prep Plate', 'slot': 3}, {'well': 'A7', 'labware': 'Prep Plate', 'slot': 3}, {'well': 'A8', 'labware': 'Prep Plate', 'slot': 3}, {'well': 'A8', 'labware': 'Prep Plate', 'slot': 3}]","[{'well': 'A1', 'labware': 'Prep Plate', 'slot': 3}, {'well': 'A1', 'labware': 'Prep Plate', 'slot': 3}, {'well': 'A1', 'labware': 'Prep Plate', 'slot': 3}, {'well': 'A1', 'labware': 'Prep Plate', 'slot': 3}, {'well': 'A1', 'labware': 'Prep Plate', 'slot': 3}, {'well': 'A1', 'labware': 'Prep Plate', 'slot': 3}, {'well': 'A1', 'labware': 'Prep Plate', 'slot': 3}, {'well': 'A1', 'labware': 'Prep Plate', 'slot': 3}, {'well': 'A1', 'labware': 'Prep Plate', 'slot': 3}, {'well': 'A1', 'labware': 'Prep Plate', 'slot': 3}, {'well': 'A1', 'labware': 'Prep Plate', 'slot': 3}, {'well': 'A1', 'labware': 'Prep Plate', 'slot': 3}, {'well': 'A1', 'labware': 'Prep Plate', 'slot': 3}, {'well': 'A1', 'labware': 'Prep Plate', 'slot': 3}, {'well': 'A1', 'labware': 'Prep Plate', 'slot': 3}, {'well': 'A1', 'labware': 'Prep Plate', 'slot': 3}, {'well': 'A1', 'labware': 'Prep Plate', 'slot': 3}, {'well': 'A1', 'labware': 'Prep Plate', 'slot': 3}, {'well': 'A1', 'labware': 'Prep Plate', 'slot': 3}, {'well': 'A1', 'labware': 'Prep Plate', 'slot': 3}]","[{'well': 'A2', 'labware': 'Prep Plate', 'slot': 3}]","[{'well': 'A2', 'labware': 'Prep Plate', 'slot': 3}, {'well': 'A2', 'labware': 'Prep Plate', 'slot': 3}, {'well': 'A2', 'labware': 'Prep Plate', 'slot': 3}, {'well': 'A2', 'labware': 'Prep Plate', 'slot': 3}, {'well': 'A2', 'labware': 'Prep Plate', 'slot': 3}, {'well': 'A2', 'labware': 'Prep Plate', 'slot': 3}, {'well': 'A2', 'labware': 'Prep Plate', 'slot': 3}, {'well': 'A2', 'labware': 'Prep Plate', 'slot': 3}, {'well': 'A2', 'labware': 'Prep Plate', 'slot': 3}, {'well': 'A2', 'labware': 'Prep Plate', 'slot': 3}, {'well': 'A2', 'labware': 'Prep Plate', 'slot': 3}, {'well': 'A2', 'labware': 'Prep Plate', 'slot': 3}, {'well': 'A2', 'labware': 'Prep Plate', 'slot': 3}, {'well': 'A2', 'labware': 'Prep Plate', 'slot': 3}, {'well': 'A2', 'labware': 'Prep Plate', 'slot': 3}, {'well': 'A2', 'labware': 'Prep Plate', 'slot': 3}, {'well': 'A2', 'labware': 'Prep Plate', 'slot': 3}, {'well': 'A2', 'labware': 'Prep Plate', 'slot': 3}, {'well': 'A2', 'labware': 'Prep Plate', 'slot': 3}, {'well': 'A2', 'labware': 'Prep Plate', 'slot': 3}]","[{'well': 'A3', 'labware': 'Prep Plate', 'slot': 3}]","[{'well': 'A3', 'labware': 'Prep Plate', 'slot': 3}, {'well': 'A3', 'labware': 'Prep Plate', 'slot': 3}, {'well': 'A3', 'labware': 'Prep Plate', 'slot': 3}, {'well': 'A3', 'labware': 'Prep Plate', 'slot': 3}, {'well': 'A3', 'labware': 'Prep Plate', 'slot': 3}, {'well': 'A3', 'labware': 'Prep Plate', 'slot': 3}, {'well': 'A3', 'labware': 'Prep Plate', 'slot': 3}, {'well': 'A3', 'labware': 'Prep Plate', 'slot': 3}, {'well': 'A3', 'labware': 'Prep Plate', 'slot': 3}, {'well': 'A3', 'labware': 'Prep Plate', 'slot': 3}, {'well': 'A3', 'labware': 'Prep Plate', 'slot': 3}, {'well': 'A3', 'labware': 'Prep Plate', 'slot': 3}, {'well': 'A3', 'labware': 'Prep Plate', 'slot': 3}, {'well': 'A3', 'labware': 'Prep Plate', 'slot': 3}, {'well': 'A3', 'labware': 'Prep Plate', 'slot': 3}, {'well': 'A3', 'labware': 'Prep Plate', 'slot': 3}, {'well': 'A3', 'labware': 'Prep Plate', 'slot': 3}, {'well': 'A3', 'labware': 'Prep Plate', 'slot': 3}, {'well': 'A3', 'labware': 'Prep Plate', 'slot': 3}, {'well': 'A3', 'labware': 'Prep Plate', 'slot': 3}]","[{'well': 'A4', 'labware': 'Prep Plate', 'slot': 3}]","[{'well': 'A4', 'labware': 'Prep Plate', 'slot': 3}, {'well': 'A4', 'labware': 'Prep Plate', 'slot': 3}, {'well': 'A4', 'labware': 'Prep Plate', 'slot': 3}, {'well': 'A4', 'labware': 'Prep Plate', 'slot': 3}, {'well': 'A4', 'labware': 'Prep Plate', 'slot': 3}, {'well': 'A4', 'labware': 'Prep Plate', 'slot': 3}, {'well': 'A4', 'labware': 'Prep Plate', 'slot': 3}, {'well': 'A4', 'labware': 'Prep Plate', 'slot': 3}, {'well': 'A4', 'labware': 'Prep Plate', 'slot': 3}, {'well': 'A4', 'labware': 'Prep Plate', 'slot': 3}, {'well': 'A4', 'labware': 'Prep Plate', 'slot': 3}, {'well': 'A4', 'labware': 'Prep Plate', 'slot': 3}, {'well': 'A4', 'labware': 'Prep Plate', 'slot': 3}, {'well': 'A4', 'labware': 'Prep Plate', 'slot': 3}, {'well': 'A4', 'labware': 'Prep Plate', 'slot': 3}, {'well': 'A4', 'labware': 'Prep Plate', 'slot': 3}, {'well': 'A4', 'labware': 'Prep Plate', 'slot': 3}, {'well': 'A4', 'labware': 'Prep Plate', 'slot': 3}, {'well': 'A4', 'labware': 'Prep Plate', 'slot': 3}, {'well': 'A4', 'labware': 'Prep Plate', 'slot': 3}]","[{'well': 'A5', 'labware': 'Prep Plate', 'slot': 3}]","[{'well': 'A5', 'labware': 'Prep Plate', 'slot': 3}, {'well': 'A5', 'labware': 'Prep Plate', 'slot': 3}, {'well': 'A5', 'labware': 'Prep Plate', 'slot': 3}, {'well': 'A5', 'labware': 'Prep Plate', 'slot': 3}, {'well': 'A5', 'labware': 'Prep Plate', 'slot': 3}, {'well': 'A5', 'labware': 'Prep Plate', 'slot': 3}, {'well': 'A5', 'labware': 'Prep Plate', 'slot': 3}, {'well': 'A5', 'labware': 'Prep Plate', 'slot': 3}, {'well': 'A5', 'labware': 'Prep Plate', 'slot': 3}, {'well': 'A5', 'labware': 'Prep Plate', 'slot': 3}, {'well': 'A5', 'labware': 'Prep Plate', 'slot': 3}, {'well': 'A5', 'labware': 'Prep Plate', 'slot': 3}, {'well': 'A5', 'labware': 'Prep Plate', 'slot': 3}, {'well': 'A5', 'labware': 'Prep Plate', 'slot': 3}, {'well': 'A5', 'labware': 'Prep Plate', 'slot': 3}, {'well': 'A5', 'labware': 'Prep Plate', 'slot': 3}, {'well': 'A5', 'labware': 'Prep Plate', 'slot': 3}, {'well': 'A5', 'labware': 'Prep Plate', 'slot': 3}, {'well': 'A5', 'labware': 'Prep Plate', 'slot': 3}, {'well': 'A5', 'labware': 'Prep Plate', 'slot': 3}]","[{'well': 'A6', 'labware': 'Prep Plate', 'slot': 3}]","[{'well': 'A6', 'labware': 'Prep Plate', 'slot': 3}, {'well': 'A6', 'labware': 'Prep Plate', 'slot': 3}, {'well': 'A6', 'labware': 'Prep Plate', 'slot': 3}, {'well': 'A6', 'labware': 'Prep Plate', 'slot': 3}, {'well': 'A6', 'labware': 'Prep Plate', 'slot': 3}, {'well': 'A6', 'labware': 'Prep Plate', 'slot': 3}, {'well': 'A6', 'labware': 'Prep Plate', 'slot': 3}, {'well': 'A6', 'labware': 'Prep Plate', 'slot': 3}, {'well': 'A6', 'labware': 'Prep Plate', 'slot': 3}, {'well': 'A6', 'labware': 'Prep Plate', 'slot': 3}, {'well': 'A6', 'labware': 'Prep Plate', 'slot': 3}, {'well': 'A6', 'labware': 'Prep Plate', 'slot': 3}, {'well': 'A6', 'labware': 'Prep Plate', 'slot': 3}, {'well': 'A6', 'labware': 'Prep Plate', 'slot': 3}, {'well': 'A6', 'labware': 'Prep Plate', 'slot': 3}, {'well': 'A6', 'labware': 'Prep Plate', 'slot': 3}, {'well': 'A6', 'labware': 'Prep Plate', 'slot': 3}, {'well': 'A6', 'labware': 'Prep Plate', 'slot': 3}, {'well': 'A6', 'labware': 'Prep Plate', 'slot': 3}, {'well': 'A6', 'labware': 'Prep Plate', 'slot': 3}]","[{'well': 'A7', 'labware': 'Prep Plate', 'slot': 3}]","[{'well': 'A7', 'labware': 'Prep Plate', 'slot': 3}, {'well': 'A7', 'labware': 'Prep Plate', 'slot': 3}, {'well': 'A7', 'labware': 'Prep Plate', 'slot': 3}, {'well': 'A7', 'labware': 'Prep Plate', 'slot': 3}, {'well': 'A7', 'labware': 'Prep Plate', 'slot': 3}, {'well': 'A7', 'labware': 'Prep Plate', 'slot': 3}, {'well': 'A7', 'labware': 'Prep Plate', 'slot': 3}, {'well': 'A7', 'labware': 'Prep Plate', 'slot': 3}, {'well': 'A7', 'labware': 'Prep Plate', 'slot': 3}, {'well': 'A7', 'labware': 'Prep Plate', 'slot': 3}, {'well': 'A7', 'labware': 'Prep Plate', 'slot': 3}, {'well': 'A7', 'labware': 'Prep Plate', 'slot': 3}, {'well': 'A7', 'labware': 'Prep Plate', 'slot': 3}, {'well': 'A7', 'labware': 'Prep Plate', 'slot': 3}, {'well': 'A7', 'labware': 'Prep Plate', 'slot': 3}, {'well': 'A7', 'labware': 'Prep Plate', 'slot': 3}, {'well': 'A7', 'labware': 'Prep Plate', 'slot': 3}, {'well': 'A7', 'labware': 'Prep Plate', 'slot': 3}, {'well': 'A7', 'labware': 'Prep Plate', 'slot': 3}, {'well': 'A7', 'labware': 'Prep Plate', 'slot': 3}, {'well': 'A8', 'labware': 'Prep Plate', 'slot': 3}, {'well': 'A8', 'labware': 'Prep Plate', 'slot': 3}, {'well': 'A8', 'labware': 'Prep Plate', 'slot': 3}, {'well': 'A8', 'labware': 'Prep Plate', 'slot': 3}, {'well': 'A8', 'labware': 'Prep Plate', 'slot': 3}, {'well': 'A8', 'labware': 'Prep Plate', 'slot': 3}, {'well': 'A8', 'labware': 'Prep Plate', 'slot': 3}, {'well': 'A8', 'labware': 'Prep Plate', 'slot': 3}, {'well': 'A8', 'labware': 'Prep Plate', 'slot': 3}, {'well': 'A8', 'labware': 'Prep Plate', 'slot': 3}, {'well': 'A8', 'labware': 'Prep Plate', 'slot': 3}, {'well': 'A8', 'labware': 'Prep Plate', 'slot': 3}, {'well': 'A8', 'labware': 'Prep Plate', 'slot': 3}, {'well': 'A8', 'labware': 'Prep Plate', 'slot': 3}, {'well': 'A8', 'labware': 'Prep Plate', 'slot': 3}, {'well': 'A8', 'labware': 'Prep Plate', 'slot': 3}, {'well': 'A8', 'labware': 'Prep Plate', 'slot': 3}, {'well': 'A8', 'labware': 'Prep Plate', 'slot': 3}, {'well': 'A8', 'labware': 'Prep Plate', 'slot': 3}, {'well': 'A8', 'labware': 'Prep Plate', 'slot': 3}]","[{'well': 'A1', 'labware': 'Final Plate', 'slot': 6}, {'well': 'A2', 'labware': 'Final Plate', 'slot': 6}, {'well': 'A3', 'labware': 'Final Plate', 'slot': 6}]","[{'well': 'A4', 'labware': 'Final Plate', 'slot': 6}, {'well': 'A5', 'labware': 'Final Plate', 'slot': 6}]"
"[{'well': 'A1', 'type': 'Opentrons OT-2 96 Filter Tip Rack 200 µL', 'slot': 1}, {'well': 'A2', 'type': 'Opentrons OT-2 96 Filter Tip Rack 200 µL', 'slot': 1}, {'well': 'A3', 'type': 'Opentrons OT-2 96 Filter Tip Rack 200 µL', 'slot': 1}, {'well': 'A4', 'type': 'Opentrons OT-2 96 Filter Tip Rack 200 µL', 'slot': 1}, {'well': 'A5', 'type': 'Opentrons OT-2 96 Filter Tip Rack 200 µL', 'slot': 1}, {'well': 'A6', 'type': 'Opentrons OT-2 96 Filter Tip Rack 200 µL', 'slot': 1}, {'well': 'A7', 'type': 'Opentrons OT-2 96 Filter Tip Rack 200 µL', 'slot': 1}, {'well': 'A8', 'type': 'Opentrons OT-2 96 Filter Tip Rack 200 µL', 'slot': 1}, {'well': 'A9', 'type': 'Opentrons OT-2 96 Filter Tip Rack 200 µL', 'slot': 1}]",[],"[{'well': 'A2', 'type': 'Opentrons OT-2 96 Filter Tip Rack 20 µL', 'slot': 4}]",[],"[{'well': 'A3', 'type': 'Opentrons OT-2 96 Filter Tip Rack 20 µL', 'slot': 4}]",[],"[{'well': 'A4', 'type': 'Opentrons OT-2 96 Filter Tip Rack 20 µL', 'slot': 4}]",[],"[{'well': 'A5', 'type': 'Opentrons OT-2 96 Filter Tip Rack 20 µL', 'slot': 4}]",[],"[{'well': 'A6', 'type': 'Opentrons OT-2 96 Filter Tip Rack 20 µL', 'slot': 4}]",[],"[{'well': 'A7', 'type': 'Opentrons OT-2 96 Filter Tip Rack 20 µL', 'slot': 4}]",[],"[{'well': 'A9', 'type': 'Opentrons OT-2 96 Filter Tip Rack 20 µL', 'slot': 4}, {'well': 'A10', 'type': 'Opentrons OT-2 96 Filter Tip Rack 20 µL', 'slot': 4}, {'well': 'A11', 'type': 'Opentrons OT-2 96 Filter Tip Rack 20 µL', 'slot': 4}]","[{'well': 'A12', 'type': 'Opentrons OT-2 96 Filter Tip Rack 20 µL', 'slot': 4}, {'well': 'A1', 'type': 'Opentrons OT-2 96 Filter Tip Rack 20 µL', 'slot': 7}]"
,,,,,,,,,,,,,,,
[94.0],[7.6],[7.6],[7.6],[7.6],[7.6],[7.6],[7.6],[7.6],[7.6],[7.6],[7.6],[7.6],[7.6],[7.6],[7.6]
[94.0],[7.6],[7.6],[7.6],[7.6],[7.6],[7.6],[7.6],[7.6],[7.6],[7.6],[7.6],[7.6],[7.6],[7.6],[7.6]
,,,,,,,,,,,,,,,
False,False,False,False,False,False,False,False,False,False,False,False,False,False,False,False
,,,,,,,,,,,,,,,
"[0.0, 0.0, 0.0, 0.0, 0.0, 0.0, 0.0, 0.0, 0.0]","[0.0, 0.0, 0.0, 0.0, 0.0, 0.0, 0.0, 0.0, 0.0, 0.0, 0.0, 0.0, 0.0, 0.0, 0.0, 0.0, 0.0, 0.0, 0.0, 0.0]",[0.0],"[0.0, 0.0, 0.0, 0.0, 0.0, 0.0, 0.0, 0.0, 0.0, 0.0, 0.0, 0.0, 0.0, 0.0, 0.0, 0.0, 0.0, 0.0, 0.0, 0.0]",[0.0],"[0.0, 0.0, 0.0, 0.0, 0.0, 0.0, 0.0, 0.0, 0.0, 0.0, 0.0, 0.0, 0.0, 0.0, 0.0, 0.0, 0.0, 0.0, 0.0, 0.0]",[0.0],"[0.0, 0.0, 0.0, 0.0, 0.0, 0.0, 0.0, 0.0, 0.0, 0.0, 0.0, 0.0, 0.0, 0.0, 0.0, 0.0, 0.0, 0.0, 0.0, 0.0]",[0.0],"[0.0, 0.0, 0.0, 0.0, 0.0, 0.0, 0.0, 0.0, 0.0, 0.0, 0.0, 0.0, 0.0, 0.0, 0.0, 0.0, 0.0, 0.0, 0.0, 0.0]",[0.0],"[0.0, 0.0, 0.0, 0.0, 0.0, 0.0, 0.0, 0.0, 0.0, 0.0, 0.0, 0.0, 0.0, 0.0, 0.0, 0.0, 0.0, 0.0, 0.0, 0.0]",[0.0],"[0.0, 0.0, 0.0, 0.0, 0.0, 0.0, 0.0, 0.0, 0.0, 0.0, 0.0, 0.0, 0.0, 0.0, 0.0, 0.0, 0.0, 0.0, 0.0, 0.0, 0.0, 0.0, 0.0, 0.0, 0.0, 0.0, 0.0, 0.0, 0.0, 0.0, 0.0, 0.0, 0.0, 0.0, 0.0, 0.0, 0.0, 0.0, 0.0, 0.0]","[0.0, 0.0, 0.0]","[0.0, 0.0]"
wide,wide,wide,wide,wide,wide,wide,wide,wide,wide,wide,wide,wide,wide,wide,wide
False,False,False,False,False,False,False,False,False,False,False,False,False,False,False,False
none,none,after,none,after,none,after,none,after,none,after,none,after,none,none,none
0,0,[20],0,[20],0,[20],0,[20],0,[20],0,[20],0,0,0
,,20.0,,20.0,,20.0,,20.0,,20.0,,20.0,,,
,,,,,,,,,,,,,,,
,,,,,,,,,,,,,,,
"[None, None, None, None, None, None, None, None, None]","[None, None, None, None, None, None, None, None, None, None, None, None, None, None, None, None, None, None, None, 1]",,"[None, None, None, None, None, None, None, None, None, None, None, None, None, None, None, None, None, None, None, 1]",,"[None, None, None, None, None, None, None, None, None, None, None, None, None, None, None, None, None, None, None, 1]",,"[None, None, None, None, None, None, None, None, None, None, None, None, None, None, None, None, None, None, None, 1]",,"[None, None, None, None, None, None, None, None, None, None, None, None, None, None, None, None, None, None, None, 1]",,"[None, None, None, None, None, None, None, None, None, None, None, None, None, None, None, None, None, None, None, 1]",,"[None, None, None, None, None, None, None, None, None, None, None, None, None, None, None, None, None, None, None, 1, None, None, None, None, None, None, None, None, None, None, None, None, None, None, None, None, None, None, None, 1]","[1, 1, 1]","[1, 1]"
